지점,지점명,일시,평균기온(°C),평균최고기온(°C),평균최저기온(°C),최고기온(°C),최저기온(°C)
108,서울,1970-01,-4.8,0,-8.8,8.9,-20.2
108,서울,1970-02,-.2,4.7,-3.9,12,-10.8
108,서울,1970-03,.4,4.8,-3.2,16,-7.3
108,서울,1970-04,12.2,18.3,7.1,26,.8
108,서울,1970-05,18.7,24.6,13.8,29.8,10
108,서울,1970-06,20.5,25.1,16.9,30,13.4
108,서울,1970-07,23,26.5,20.5,32.2,15.2
108,서울,1970-08,25.9,29.9,22.9,35,20.1
108,서울,1970-09,21.2,26,17.5,31.2,7.9
108,서울,1970-10,14.9,20.4,10.2,25.6,.5
108,서울,1970-11,5.7,10.4,1.4,18.2,-11.9
108,서울,1970-12,-1,2.9,-4.6,11.6,-11.2
108,서울,1971-01,-2.4,1.7,-5.7,9.2,-16.1
108,서울,1971-02,-.7,3.5,-4.2,13.2,-12.4
108,서울,1971-03,2,6.6,-1.5,20.2,-11.6
108,서울,1971-04,11.2,17,6.5,24.1,.6
108,서울,1971-05,16.6,22.1,12,31.2,7
108,서울,1971-06,21.6,26,18.2,30.4,13
108,서울,1971-07,23.9,27.3,21.3,32,18.6
108,서울,1971-08,24.6,28.6,21.5,33.2,15.9
108,서울,1971-09,20.6,25.2,16.8,29.6,9.7
108,서울,1971-10,13,18.7,8,24.1,2.5
108,서울,1971-11,8.7,13.4,4.8,21.3,-8.8
108,서울,1971-12,-1.2,2.8,-4.7,11.5,-10
108,서울,1972-01,.8,4.5,-2.1,13,-9.1
108,서울,1972-02,-.6,3,-3.5,8.4,-9.6
108,서울,1972-03,5.3,10.3,1.4,18,-7.7
108,서울,1972-04,11.5,16.7,6.9,23.5,-4.3
108,서울,1972-05,16.4,21.3,11.7,26.2,6.4
108,서울,1972-06,21.7,27.4,17.2,30.7,13.7
108,서울,1972-07,25.7,30,22.1,35.6,17.5
108,서울,1972-08,23.1,27.1,19.7,32.1,15.8
108,서울,1972-09,19,24,14.8,27.2,9.5
108,서울,1972-10,13.8,19.2,9.1,26,.5
108,서울,1972-11,5.2,9.3,1.6,18.7,-8.1
108,서울,1972-12,.6,4.7,-2.9,12,-12
108,서울,1973-01,.4,4.2,-2.5,11.3,-11.3
108,서울,1973-02,.6,5.2,-3.2,14.4,-9.4
108,서울,1973-03,4.5,10,.4,20.8,-5.3
108,서울,1973-04,12.4,17.6,8,27.7,.9
108,서울,1973-05,17.4,22.9,12.8,27.8,9.5
108,서울,1973-06,21.4,26.1,17.8,30.8,12.9
108,서울,1973-07,26.8,31.2,23.6,34.5,19.7
108,서울,1973-08,25.9,29.8,23,35.2,21.2
108,서울,1973-09,20.3,25,16.5,28.6,8.3
108,서울,1973-10,13,18.1,8.7,24.9,2.2
108,서울,1973-11,4.7,9.3,.8,16.9,-7.1
108,서울,1973-12,-3,1.7,-7,10.8,-17.4
108,서울,1974-01,-2.4,2.5,-6.3,9.3,-15.5
108,서울,1974-02,-2.1,1.9,-5.5,9.9,-14
108,서울,1974-03,3.7,8.9,-.1,19.5,-8
108,서울,1974-04,10.7,15.8,6.2,23.1,.8
108,서울,1974-05,16.7,22.1,12.1,29.3,7
108,서울,1974-06,19.7,25.1,15.5,31.1,9.7
108,서울,1974-07,23.5,27.2,20.9,30.7,18.2
108,서울,1974-08,25.1,29.4,21.8,33.9,15.7
108,서울,1974-09,20.6,25.8,16.5,29.9,11.2
108,서울,1974-10,12.6,17.9,7.8,23.2,0
108,서울,1974-11,5.4,10.5,1.3,20.3,-4.8
108,서울,1974-12,-.5,3.7,-4.1,10.3,-10.2
108,서울,1975-01,-2.7,1.8,-6.3,7,-11.8
108,서울,1975-02,-.8,4,-4.5,10.6,-9.7
108,서울,1975-03,4.4,9.7,.5,15.8,-5
108,서울,1975-04,13.3,19.3,8.4,29,1.2
108,서울,1975-05,16.7,22.2,12.3,27.7,7.8
108,서울,1975-06,21.4,26.7,17.5,32.4,13.2
108,서울,1975-07,24.9,28.8,22,33.4,18.4
108,서울,1975-08,27,31.9,23.4,35.3,20.4
108,서울,1975-09,22.6,27.1,19,31.5,13.6
108,서울,1975-10,15.4,20.6,11.2,25.6,5.4
108,서울,1975-11,9,13.8,5.2,20.7,-6.4
108,서울,1975-12,-1.6,2.8,-5,14.8,-10.8
108,서울,1976-01,-3.8,.7,-7.8,8.5,-16.3
108,서울,1976-02,2.8,7.1,-.7,14.5,-6.4
108,서울,1976-03,4.8,10.1,1,15.2,-6.6
108,서울,1976-04,11.3,17,6.7,25,.1
108,서울,1976-05,16.7,22.7,11.5,32.2,5.5
108,서울,1976-06,21.3,26.9,17.2,34.8,13.7
108,서울,1976-07,23.1,27.7,19.7,33.5,12.9
108,서울,1976-08,23.7,27.6,20.9,32,16.4
108,서울,1976-09,19.9,25.3,15.4,30.2,11
108,서울,1976-10,13.7,19,9.2,25.1,-1.5
108,서울,1976-11,3.5,8,-.4,19.4,-6.3
108,서울,1976-12,.4,4.6,-3.4,12.2,-18.5
108,서울,1977-01,-6.7,-2.5,-10.1,4.2,-15.8
108,서울,1977-02,-2.4,2.6,-6.6,15,-16.8
108,서울,1977-03,5.4,11.1,.7,22,-11.5
108,서울,1977-04,12.5,18.2,7.3,26.7,2.4
108,서울,1977-05,17.4,23,12.4,29.3,6.8
108,서울,1977-06,22.5,27.9,17.9,34.6,13.7
108,서울,1977-07,26,30.1,22.9,35,18.3
108,서울,1977-08,24.6,29.3,20.6,33.3,17.1
108,서울,1977-09,21.5,26.7,17.4,31.1,8.8
108,서울,1977-10,16.7,22.7,11.7,28.8,5.6
108,서울,1977-11,7.6,11.8,3.8,20.2,-4.3
108,서울,1977-12,2.4,6.3,-.9,13.7,-9.4
108,서울,1978-01,-2.4,1.7,-6,7.4,-13.3
108,서울,1978-02,-2.5,2,-6.2,11,-16
108,서울,1978-03,4.2,9.2,-.2,17.4,-8.2
108,서울,1978-04,11.5,17.2,6.6,25,.4
108,서울,1978-05,18.5,25.1,12.9,29.8,7.2
108,서울,1978-06,21.9,26.9,18.2,30.7,12.5
108,서울,1978-07,26.4,30.1,23.3,36.1,18.2
108,서울,1978-08,25.8,29.8,23.1,34.4,19.2
108,서울,1978-09,20.9,25.8,17.1,30.6,13.4
108,서울,1978-10,14.5,20.1,10,29.2,4.2
108,서울,1978-11,7.9,12.7,4.1,18.2,-5
108,서울,1978-12,1.6,5.6,-1.6,14.6,-10.7
108,서울,1979-01,.9,5.1,-2.8,13.4,-10.9
108,서울,1979-02,.6,5,-2.8,17.4,-13
108,서울,1979-03,6,11.3,2,18.4,-4.1
108,서울,1979-04,11.2,16.2,6.8,23.8,.4
108,서울,1979-05,16.5,22.2,11.6,29.1,8
108,서울,1979-06,21.4,25.4,18.2,28.9,14.4
108,서울,1979-07,24.3,28.5,21.3,32.2,17.5
108,서울,1979-08,25.4,29.5,22,32.6,16.2
108,서울,1979-09,20.1,25,15.9,29.7,8.9
108,서울,1979-10,15.9,21.9,10.7,26.3,2.9
108,서울,1979-11,5.7,10.5,1.6,23.5,-11.1
108,서울,1979-12,1.4,5.3,-1.8,11.7,-10.7
108,서울,1980-01,-3.7,.5,-7.3,8.9,-15.9
108,서울,1980-02,-3.1,1.8,-7,12,-14.5
108,서울,1980-03,5.2,10.8,1,18.1,-2.6
108,서울,1980-04,10.1,15.3,5.7,21,1.4
108,서울,1980-05,16.5,22.1,11.6,31.7,7.5
108,서울,1980-06,21.6,26.5,17.5,31.6,12.1
108,서울,1980-07,22.7,26.7,19.9,30.3,16.9
108,서울,1980-08,22.8,26.7,19.9,30.6,17.2
108,서울,1980-09,19.6,24.9,15.2,29,8.1
108,서울,1980-10,13,18.7,8.2,25.6,0
108,서울,1980-11,8.6,13.5,4.3,19.8,-1.7
108,서울,1980-12,-3.8,.3,-7.4,12,-16.2
108,서울,1981-01,-7,-2.6,-10.7,1.3,-16.5
108,서울,1981-02,-1.4,2.7,-5,11.7,-15.6
108,서울,1981-03,5.7,11.5,1,21.7,-5.1
108,서울,1981-04,11.9,17.8,7,25.3,1.7
108,서울,1981-05,15.9,20.9,11.6,28.5,5.4
108,서울,1981-06,21.8,26.8,17.5,30.7,8.8
108,서울,1981-07,25.4,29.3,22.5,35.2,19.2
108,서울,1981-08,24.5,28.7,21.1,33,17.2
108,서울,1981-09,20,25,15.8,29,11.6
108,서울,1981-10,13.4,18.1,9,23.3,.6
108,서울,1981-11,3.6,7.5,-.1,13.6,-7
108,서울,1981-12,.1,4.1,-3.7,10.2,-11
108,서울,1982-01,-3.5,.8,-7.1,6.8,-14.1
108,서울,1982-02,.6,5.5,-3.4,12.3,-11.8
108,서울,1982-03,5.9,10.9,1.7,17,-5.3
108,서울,1982-04,12.3,18.1,7.5,27.5,3.1
108,서울,1982-05,17.9,22.9,13.7,28.9,8
108,서울,1982-06,21.9,27.3,17.4,30.6,11.7
108,서울,1982-07,25.1,30.1,21.3,33.7,18.3
108,서울,1982-08,25.4,29.2,22.4,35.5,18.3
108,서울,1982-09,20.8,26.3,15.5,30.9,9.9
108,서울,1982-10,15.8,21.8,10.8,28.2,-1.1
108,서울,1982-11,7.9,12.5,3.8,21.4,-7.1
108,서울,1982-12,-.1,3.7,-3.5,10.6,-9.8
108,서울,1983-01,-1.7,2.6,-5.4,9.2,-13.9
108,서울,1983-02,-1.7,2.4,-5.6,10.3,-13.3
108,서울,1983-03,6.4,11.3,2,18.9,-3.6
108,서울,1983-04,13.6,19,8.4,26.7,.8
108,서울,1983-05,18.5,23.7,13.3,29.9,7.3
108,서울,1983-06,22.2,27.9,17.4,32.6,13.4
108,서울,1983-07,23.6,26.8,21,30.9,18.4
108,서울,1983-08,26,30,22.9,34.3,17.8
108,서울,1983-09,22,26.1,18.5,31.5,11.9
108,서울,1983-10,14.2,18.7,10.1,23.7,2
108,서울,1983-11,6.7,11.2,2.5,18.5,-6
108,서울,1983-12,-1.1,2.9,-5.2,11.7,-13.5
108,서울,1984-01,-5.9,-1.7,-9.5,4.1,-13.6
108,서울,1984-02,-3.5,1.3,-7.3,8,-15.1
108,서울,1984-03,2.5,7.3,-1.3,14.2,-6.5
108,서울,1984-04,12.1,17.9,7.4,23,.1
108,서울,1984-05,18.2,24,13.5,28.1,7.7
108,서울,1984-06,22.6,27.7,18.4,34.2,14.7
108,서울,1984-07,25.2,29.5,22,34.7,19.2
108,서울,1984-08,26.3,30.5,23.3,35.2,18.9
108,서울,1984-09,20.1,25,16.3,28.7,10.1
108,서울,1984-10,13.8,19.5,9,25.7,1.2
108,서울,1984-11,8.1,12.9,4.1,21.2,-5.7
108,서울,1984-12,-.9,3.5,-4.2,14.5,-12.8
108,서울,1985-01,-5.9,-1.2,-9.8,3.5,-16.7
108,서울,1985-02,-.3,4.2,-3.9,10.8,-11
108,서울,1985-03,4.3,9.5,.4,19,-8.2
108,서울,1985-04,11.6,17.8,6.5,24.8,0
108,서울,1985-05,18.1,23.6,13.3,29.6,9
108,서울,1985-06,22.1,27.3,18,31.9,14.2
108,서울,1985-07,25.3,29.2,22.1,35.4,18.7
108,서울,1985-08,26.3,30.4,23.1,34.3,18.5
108,서울,1985-09,20.2,23.9,17.3,30.1,10.1
108,서울,1985-10,14.7,19.6,10.5,25.7,4.4
108,서울,1985-11,5.6,9.5,2.1,18.8,-4.6
108,서울,1985-12,-3.4,.4,-6.9,8.2,-13.6
108,서울,1986-01,-5.4,-1.4,-8.9,7.1,-19.2
108,서울,1986-02,-3.3,.7,-6.9,5.2,-12.7
108,서울,1986-03,4.9,10.2,.7,18.6,-5.4
108,서울,1986-04,11.9,17.8,6.8,24.3,1.6
108,서울,1986-05,17.1,22.5,12.4,27.5,8.5
108,서울,1986-06,21.9,26.3,18.2,32.4,13.8
108,서울,1986-07,23.5,27,20.5,31.7,15.4
108,서울,1986-08,24.5,28.3,21.2,32.8,18.2
108,서울,1986-09,19.9,24.7,15.8,31,10.2
108,서울,1986-10,12.7,17.2,8.8,23.9,-.5
108,서울,1986-11,5.2,9.5,1.2,16.2,-5.7
108,서울,1986-12,1.9,5.4,-1.4,13.2,-9.7
108,서울,1987-01,-3,1,-6.9,8.9,-15.1
108,서울,1987-02,-.1,4,-3.8,12.8,-10.6
108,서울,1987-03,4,8.6,.1,17.5,-7.6
108,서울,1987-04,10.8,16.3,6,24.7,.4
108,서울,1987-05,17,22.4,12.1,29,5.8
108,서울,1987-06,22.4,27.1,17.8,31.6,12
108,서울,1987-07,23.7,27.1,20.9,31.2,18.3
108,서울,1987-08,24.4,28.1,21.6,31.6,18.4
108,서울,1987-09,20.1,25.2,15.6,28.6,6.3
108,서울,1987-10,15.5,20.6,10.9,27.3,2.6
108,서울,1987-11,7.5,12,3.3,19,-9.2
108,서울,1987-12,.9,4.9,-2.6,11.8,-10.6
108,서울,1988-01,-2.1,1.9,-5.7,10.1,-12.1
108,서울,1988-02,-1.5,3.2,-5.3,12.2,-12.9
108,서울,1988-03,4.3,8.8,.1,16.1,-6.8
108,서울,1988-04,11.3,16.6,6.7,23.8,3.2
108,서울,1988-05,17.9,23.4,13,31.7,9.1
108,서울,1988-06,22.3,27.3,18.2,32.8,13.9
108,서울,1988-07,24.4,27.8,21.6,31.6,19
108,서울,1988-08,26.4,31,22.8,36.6,18.4
108,서울,1988-09,21.4,26.5,16.9,30.8,11
108,서울,1988-10,15,20.6,9.8,25.6,2.2
108,서울,1988-11,5.5,10.6,1.2,17.9,-5.6
108,서울,1988-12,.1,4.3,-3.7,13.9,-12.2
108,서울,1989-01,.8,3.9,-2.3,11.2,-11.2
108,서울,1989-02,2.4,7.1,-1.3,15.4,-8.2
108,서울,1989-03,6.1,10.7,2.3,16.1,-5
108,서울,1989-04,14.3,20.5,8.8,29.4,3.7
108,서울,1989-05,17.9,23.4,13.3,29.6,8.4
108,서울,1989-06,21.2,26.2,16.9,31.9,12.8
108,서울,1989-07,24.5,28.5,21.2,33.3,17.3
108,서울,1989-08,25.5,29.7,21.7,35.3,17.4
108,서울,1989-09,20.7,25.1,16.9,29.5,10.3
108,서울,1989-10,13.6,18.8,9,23.7,1.9
108,서울,1989-11,7.1,11.2,3.5,17.4,-6.3
108,서울,1989-12,1.4,4.9,-1.9,14.7,-8.7
108,서울,1990-01,-3.2,.2,-6.6,7.8,-17.1
108,서울,1990-02,2.7,5.8,-.1,12.9,-5.2
108,서울,1990-03,7.2,11.5,3.6,18.8,-1.3
108,서울,1990-04,11.3,16.3,6.7,26.3,1.6
108,서울,1990-05,16.2,21,12.2,27.1,7.2
108,서울,1990-06,20.7,24.6,17.4,29.4,13.4
108,서울,1990-07,24.9,28.4,22,34.2,16.7
108,서울,1990-08,26.4,30.9,22.8,35.5,18.5
108,서울,1990-09,21.1,25.7,17,31.1,10.2
108,서울,1990-10,15.4,21.3,10.3,27.1,6.1
108,서울,1990-11,10,14.6,5.8,21.9,-4.9
108,서울,1990-12,.8,4.8,-3,13.8,-12.9
108,서울,1991-01,-2.6,1.6,-6.3,9.7,-12.9
108,서울,1991-02,-.9,3.1,-4.6,12,-15
108,서울,1991-03,4.9,9.6,.7,18.9,-6
108,서울,1991-04,13,19.1,7.6,25.6,-3.4
108,서울,1991-05,17.5,22.8,12.7,31.1,7.4
108,서울,1991-06,22.6,27.6,18.3,31.8,15.2
108,서울,1991-07,24.3,27.8,21.4,32,18
108,서울,1991-08,25.5,30,21.6,34.7,15.7
108,서울,1991-09,21.1,25.5,17.3,31,10.1
108,서울,1991-10,13.8,19.5,8.8,25.8,4.1
108,서울,1991-11,6.5,10.9,2.1,17.6,-4
108,서울,1991-12,2.2,5.9,-1.5,12.9,-11.1
108,서울,1992-01,-.2,3.4,-3.4,7.6,-9.1
108,서울,1992-02,.7,5,-3.3,15.9,-7.8
108,서울,1992-03,7.6,12.2,3.5,20.2,-1.5
108,서울,1992-04,12,17.5,7.1,24.3,1.5
108,서울,1992-05,16.4,21.9,11.7,29.9,7.1
108,서울,1992-06,20.9,26,16.4,29.8,10.8
108,서울,1992-07,24.8,28.4,22,32.4,19.1
108,서울,1992-08,24.8,28.9,21.4,32.8,18.4
108,서울,1992-09,20.9,25.1,16.9,30.9,9.3
108,서울,1992-10,14,18.9,9.7,25.1,4
108,서울,1992-11,6.2,10.8,2.1,17.2,-9
108,서울,1992-12,1.5,5.1,-2,13.3,-9.7
108,서울,1993-01,-1.9,1.9,-5.5,8.4,-11.1
108,서울,1993-02,1,5.3,-2.9,14.2,-8.6
108,서울,1993-03,5.8,10.5,1.9,16.6,-6.2
108,서울,1993-04,10.6,15.8,6.3,23.5,-.3
108,서울,1993-05,18.2,23.8,13.3,31.9,9.4
108,서울,1993-06,21.3,25.8,17.8,29.2,13.4
108,서울,1993-07,23.3,27.6,19.8,31.1,16.2
108,서울,1993-08,23.2,27.5,19.8,30.6,16.3
108,서울,1993-09,21.2,26.3,16.9,30.5,10.8
108,서울,1993-10,13.4,19.3,8.3,25,.6
108,서울,1993-11,8.5,12.5,5.2,20.9,-9
108,서울,1993-12,-.2,3.8,-3.8,10,-11.2
108,서울,1994-01,-.9,3.1,-4.7,10,-12.3
108,서울,1994-02,.8,5.8,-3.2,11.4,-10.8
108,서울,1994-03,4,8.9,-.1,18.6,-5.5
108,서울,1994-04,15.2,21.4,10,28.9,5.7
108,서울,1994-05,17.9,23.1,13.4,28,8.3
108,서울,1994-06,22.8,28.2,18.1,34.7,13.4
108,서울,1994-07,28.5,32.6,25.3,38.4,21.3
108,서울,1994-08,27.6,31.9,24.4,37,19
108,서울,1994-09,21,26.1,16.7,32,12.1
108,서울,1994-10,15.2,20.3,11.3,25.9,3.2
108,서울,1994-11,9.3,13.6,5.4,19.8,-2.2
108,서울,1994-12,1.1,4.7,-2.4,12.4,-12.6
108,서울,1995-01,-2.1,1.8,-5.7,10.3,-11.1
108,서울,1995-02,1.2,6,-2.8,9.9,-7.9
108,서울,1995-03,6,10.3,2.2,17.1,-3.6
108,서울,1995-04,11.3,16.7,6.5,25.2,-.4
108,서울,1995-05,17.1,22.1,12.1,29,6.3
108,서울,1995-06,21.6,26.3,17.5,29.6,12.1
108,서울,1995-07,24.5,27.8,21.7,33.6,17.7
108,서울,1995-08,26,29.2,23.4,33.7,18.8
108,서울,1995-09,20,24.5,15.7,28.4,10.7
108,서울,1995-10,15.5,20.6,10.7,25.6,4.2
108,서울,1995-11,6.2,11.5,1.8,18.6,-4.3
108,서울,1995-12,-1,3,-4.4,6.9,-10.3
108,서울,1996-01,-2.2,2.3,-5.6,9.8,-10.7
108,서울,1996-02,-1.6,3.2,-5.5,14,-13.8
108,서울,1996-03,4.9,9.5,1,17.5,-3.8
108,서울,1996-04,10.2,15.1,5.9,23.3,-.9
108,서울,1996-05,18.4,24.2,13.3,31.4,9.8
108,서울,1996-06,22.3,26.5,19.1,32.7,15.1
108,서울,1996-07,24.4,28.3,21.2,34.6,16.6
108,서울,1996-08,26,29.8,22.9,35.4,17.6
108,서울,1996-09,22,27.3,17.5,30.9,11.6
108,서울,1996-10,14.5,19.4,10,23.8,-.4
108,서울,1996-11,6.1,10.3,2.4,18.8,-8
108,서울,1996-12,1.6,6,-2.5,12.7,-10.5
108,서울,1997-01,-3.3,1.2,-7.1,8,-13.7
108,서울,1997-02,.7,5.6,-3.5,15.1,-8.1
108,서울,1997-03,6.8,11.8,2.5,20.2,-4.3
108,서울,1997-04,13,18.1,8.4,22.3,2.7
108,서울,1997-05,17,21.5,12.9,27.9,8.8
108,서울,1997-06,23.4,28.5,18.9,35,12.4
108,서울,1997-07,26.1,30.1,22.8,36.1,18.1
108,서울,1997-08,26.8,31.3,23.2,34.1,19.6
108,서울,1997-09,20.2,25.4,15.7,31.9,10.3
108,서울,1997-10,13.4,19,8.2,26.3,-2
108,서울,1997-11,8.8,13.7,4.6,20.2,-3.2
108,서울,1997-12,1.8,5.7,-1.8,12.8,-11.3
108,서울,1998-01,-1.3,2.8,-4.7,8.2,-15.4
108,서울,1998-02,3.4,7.8,-.6,15,-7.7
108,서울,1998-03,7.3,12.5,2.8,19.1,-3.2
108,서울,1998-04,15.6,20.9,11.1,26.3,1.9
108,서울,1998-05,19,24.3,14,31.4,10.4
108,서울,1998-06,21.9,26.4,18,31.8,13.2
108,서울,1998-07,24.9,28.6,21.9,32.2,19.5
108,서울,1998-08,25,28.8,22.1,32,17.4
108,서울,1998-09,23,27.8,19,32.8,15.4
108,서울,1998-10,17,22,12.7,26.5,4.9
108,서울,1998-11,7.3,12.2,3.3,20.5,-6.8
108,서울,1998-12,2.3,6.6,-1.7,12.9,-8.1
108,서울,1999-01,-.8,3.5,-4.7,12.4,-12.2
108,서울,1999-02,.7,5,-3.1,10.2,-12.3
108,서울,1999-03,6.7,11.7,1.6,18.8,-6.2
108,서울,1999-04,13.9,19.3,8.7,28.2,1.6
108,서울,1999-05,17.5,22.7,12.4,28.1,10.2
108,서울,1999-06,23.1,28.3,18.5,33.6,15.8
108,서울,1999-07,25.9,30,22.3,34.9,18.2
108,서울,1999-08,26,30.2,22.3,35.4,19.5
108,서울,1999-09,22.9,27,19.4,32,12.8
108,서울,1999-10,14.3,19.1,10,24,1.5
108,서울,1999-11,7.9,12.6,3.8,18.6,-6.1
108,서울,1999-12,.4,4.4,-3.4,12,-11.5
108,서울,2000-01,-2.1,1.7,-5.7,9.9,-12.1
108,서울,2000-02,-1.7,2.6,-5.8,7.5,-11.6
108,서울,2000-03,6.3,11.4,1.7,18.9,-4.8
108,서울,2000-04,11.9,16.9,7.3,23.5,1.8
108,서울,2000-05,17.5,22.7,12.9,30.5,7.9
108,서울,2000-06,23.7,29.2,19.1,33.9,14.6
108,서울,2000-07,26.8,31,23.1,34.2,19.9
108,서울,2000-08,26.2,30,22.9,35.1,19
108,서울,2000-09,20.7,24.8,17.1,31,11.9
108,서울,2000-10,14.9,19.2,10.7,26.5,3.5
108,서울,2000-11,7,11.1,2.7,20.3,-3.8
108,서울,2000-12,.9,4.9,-2.9,11.9,-11.4
108,서울,2001-01,-4.1,-.8,-7.8,6.8,-18.6
108,서울,2001-02,-.3,3.7,-3.7,12.2,-10.4
108,서울,2001-03,5,9.6,.9,21,-6.1
108,서울,2001-04,13.6,19.2,8.7,28.2,2.1
108,서울,2001-05,19.1,24.7,14.8,31.5,10.4
108,서울,2001-06,22.5,27.1,19.2,32.7,15.6
108,서울,2001-07,25.9,29.9,22.9,32.8,20.3
108,서울,2001-08,26.5,30.8,22.8,35.3,19.4
108,서울,2001-09,22.5,27.5,17.9,31.7,11
108,서울,2001-10,16.5,21,12.4,25.3,8.8
108,서울,2001-11,7,11.5,2.9,16,-3.1
108,서울,2001-12,-.6,3.4,-4,10.9,-8.8
108,서울,2002-01,.3,3.9,-2.9,13.5,-12
108,서울,2002-02,2.9,7.1,-.8,12.6,-5.1
108,서울,2002-03,7.6,12.4,3.6,19.4,-2.9
108,서울,2002-04,13.6,18.6,8.8,27.7,4.3
108,서울,2002-05,18.2,23.5,13.3,27.7,10
108,서울,2002-06,22.2,27.3,17.9,32,14.5
108,서울,2002-07,25.2,28.8,22.2,34.8,18.9
108,서울,2002-08,24.2,27.5,21.4,32.2,17.9
108,서울,2002-09,21.6,26.1,17.8,30.6,13.5
108,서울,2002-10,12.8,17.7,8.8,24.9,-.3
108,서울,2002-11,4,8,.3,16.7,-4.8
108,서울,2002-12,1.7,5.3,-1.6,15.9,-9.1
108,서울,2003-01,-2.5,1.1,-5.8,8.7,-15.5
108,서울,2003-02,2.7,6.6,-.7,11.9,-8.3
108,서울,2003-03,6.5,10.6,2.9,20.9,-5
108,서울,2003-04,13.2,17.9,9,24.6,4.8
108,서울,2003-05,19.6,25,14.4,30.4,8.5
108,서울,2003-06,21.5,25.8,18,31.1,14.4
108,서울,2003-07,23.8,27.7,20.7,31.4,18.3
108,서울,2003-08,24.1,27.6,21.3,32.2,16.6
108,서울,2003-09,20.9,24.9,17.5,28.7,13.8
108,서울,2003-10,13.9,19,9.6,26,2.7
108,서울,2003-11,9.5,13.5,5.9,21.3,-3.2
108,서울,2003-12,.7,4.4,-2.8,12,-8.1
108,서울,2004-01,-1.5,2.1,-4.9,8.1,-16.7
108,서울,2004-02,2.3,6.9,-1.6,18.7,-7.8
108,서울,2004-03,6.3,11.1,2.1,18.7,-5.6
108,서울,2004-04,13.1,18.3,8.5,27.3,2.7
108,서울,2004-05,17.6,22.2,13.7,27.6,8.8
108,서울,2004-06,23.2,27.7,19.3,32.5,14.6
108,서울,2004-07,24.8,27.7,22.3,34.5,19.5
108,서울,2004-08,26.1,30.2,22.8,36.2,18.7
108,서울,2004-09,21.7,26.3,17.8,31.3,12.8
108,서울,2004-10,15.2,20.8,10.3,25.6,5.3
108,서울,2004-11,9.1,13.4,5.3,21.5,.2
108,서울,2004-12,1.9,5.8,-1.4,16.2,-8.3
108,서울,2005-01,-2.5,1.5,-6.2,7.3,-11
108,서울,2005-02,-1.9,2.2,-5.5,10.5,-13.1
108,서울,2005-03,4.1,8.8,.2,17.6,-6.5
108,서울,2005-04,13.2,18.1,8.9,29.8,4.1
108,서울,2005-05,17.7,22.9,13,30.2,6.3
108,서울,2005-06,22.7,27.3,19.1,32,15.5
108,서울,2005-07,25.3,28.8,22.7,34.2,18.3
108,서울,2005-08,25.1,28.7,22.4,35,16.5
108,서울,2005-09,21.8,25.7,18.6,30.8,13.8
108,서울,2005-10,14.7,19.4,10.7,24.9,3
108,서울,2005-11,8.6,12.9,4.6,21.8,-1.1
108,서울,2005-12,-3.9,-.1,-7.4,11.1,-14
108,서울,2006-01,-.2,3.4,-3.3,9.3,-10.1
108,서울,2006-02,.1,4.2,-4,11.5,-14.1
108,서울,2006-03,5.2,9.9,.9,17.2,-6.9
108,서울,2006-04,11.6,16.2,7.7,22.2,2.9
108,서울,2006-05,18.4,23.4,14,28.3,10.8
108,서울,2006-06,21.8,26.3,18.1,32.4,14.1
108,서울,2006-07,23.1,26,20.9,30.1,17.5
108,서울,2006-08,27,31.1,23.9,34.7,20.8
108,서울,2006-09,21.1,25.7,16.9,30.3,11.3
108,서울,2006-10,17.9,22.6,13.9,27.5,7.9
108,서울,2006-11,8.4,12.4,4.5,20.2,-1.3
108,서울,2006-12,1.4,5.4,-2,12.6,-12.3
108,서울,2007-01,.4,4.1,-2.8,11.8,-7.6
108,서울,2007-02,4,8.7,.1,14.8,-8.6
108,서울,2007-03,6.1,10.3,2.3,16.2,-7.6
108,서울,2007-04,11.4,16.1,7.5,22.5,1.6
108,서울,2007-05,18.1,23.4,13.6,30.1,9
108,서울,2007-06,23.2,27.7,19.2,33.2,14.1
108,서울,2007-07,24.2,27.8,21.3,31.2,17.7
108,서울,2007-08,26.5,29.9,23.8,33.2,19.8
108,서울,2007-09,21.5,25.1,18.6,31.1,14.1
108,서울,2007-10,15.1,19.6,11.3,26.2,3.2
108,서울,2007-11,6.7,11.4,2.8,19.3,-5.5
108,서울,2007-12,1.8,5.4,-1.4,13.8,-7.4
108,서울,2008-01,-1.7,1.9,-5,7.3,-11.1
108,서울,2008-02,-1.2,3.2,-4.9,10.5,-10.1
108,서울,2008-03,7.3,11.9,3.7,19.8,-1.7
108,서울,2008-04,14.1,19.5,9.3,28,3.8
108,서울,2008-05,17.7,22.7,13.1,28.5,8.1
108,서울,2008-06,21.5,26.1,17.6,29.6,13.7
108,서울,2008-07,25.1,28.4,22.6,32.9,20.2
108,서울,2008-08,25.3,29.5,21.8,35.4,16.3
108,서울,2008-09,22,26.9,18,32,10.3
108,서울,2008-10,16.1,21,12.1,28.3,5.6
108,서울,2008-11,7.6,11.7,3.8,18.4,-7.2
108,서울,2008-12,1.1,5,-2.7,13.3,-13.1
108,서울,2009-01,-2,2.3,-5.5,12.2,-11.4
108,서울,2009-02,2.9,6.8,-.6,16.1,-8.6
108,서울,2009-03,6,10.6,1.8,22.2,-3.3
108,서울,2009-04,12.7,18,8.1,25.8,2.2
108,서울,2009-05,19.1,24.3,14.6,31,9.8
108,서울,2009-06,22.4,26.7,18.8,32.4,14.3
108,서울,2009-07,24.3,28.2,21,32.4,18.7
108,서울,2009-08,25.7,29.5,22.4,34.4,16.4
108,서울,2009-09,21.8,26.3,17.7,29.9,14.4
108,서울,2009-10,16,20.9,11.7,26.4,6.2
108,서울,2009-11,6.9,10.4,3.7,21.8,-4.3
108,서울,2009-12,-1,2.5,-4.2,10.1,-12.9
108,서울,2010-01,-4.5,-.7,-8.1,8.4,-15.3
108,서울,2010-02,1.4,4.9,-1.7,17.9,-10.8
108,서울,2010-03,4.3,8.1,.5,14.2,-4
108,서울,2010-04,9.5,14,5.6,20.7,1.1
108,서울,2010-05,17.2,22,13,28.6,5.8
108,서울,2010-06,23.4,28.2,19.3,32.7,12.1
108,서울,2010-07,25.8,29.3,23.1,32.3,21
108,서울,2010-08,26.5,30,23.8,33.8,19.9
108,서울,2010-09,21.8,26,18.5,31.4,8.4
108,서울,2010-10,14.5,19.3,10.4,24.2,.7
108,서울,2010-11,6.5,11.3,2.5,17.4,-5.2
108,서울,2010-12,-1.3,3.1,-5.1,13.5,-15.1
108,서울,2011-01,-7.2,-3.4,-10.5,.3,-17.8
108,서울,2011-02,1.2,5.9,-2.5,13.2,-9.2
108,서울,2011-03,3.6,8.3,-.1,16.8,-5.5
108,서울,2011-04,10.7,15.6,6.8,19,4.3
108,서울,2011-05,17.9,23,13.6,31.2,8.5
108,서울,2011-06,22,26.6,18.4,32.9,14.4
108,서울,2011-07,24.6,28,22,34.1,18.9
108,서울,2011-08,25.8,29.5,23,34.1,18.1
108,서울,2011-09,21.8,26.6,17.7,32.4,10.3
108,서울,2011-10,14.2,19.3,9.7,23.4,3.1
108,서울,2011-11,10.7,14.7,7.2,25.9,-5.5
108,서울,2011-12,-.9,2.9,-4.1,9.1,-10.6
108,서울,2012-01,-2.8,1.3,-6.3,8.4,-12.2
108,서울,2012-02,-2,3,-6,12.1,-17.1
108,서울,2012-03,5.1,9.5,1.5,16.2,-5.7
108,서울,2012-04,12.3,17.9,7.8,29.4,.6
108,서울,2012-05,19.7,25.1,15.4,29.3,12
108,서울,2012-06,24.1,29.7,20,33.5,16.3
108,서울,2012-07,25.4,29,22.4,33.2,18.5
108,서울,2012-08,27.1,30.9,23.9,36.7,18.7
108,서울,2012-09,21,25,17.4,29.5,12
108,서울,2012-10,15.3,20.5,11,26,2.8
108,서울,2012-11,5.5,9.5,1.8,15.7,-3
108,서울,2012-12,-4.1,-.5,-7.4,8.3,-14.5
108,서울,2013-01,-3.4,.3,-6.6,11.5,-16.4
108,서울,2013-02,-1.2,2.8,-4.9,13.9,-15.8
108,서울,2013-03,5.1,10.8,.7,23.8,-4.4
108,서울,2013-04,10,15,5.7,21.6,1.3
108,서울,2013-05,18.2,23.6,13.7,31.8,7.9
108,서울,2013-06,24.4,29.2,20.5,32.6,16.3
108,서울,2013-07,25.5,28.3,23.4,31.3,20.5
108,서울,2013-08,27.7,31.1,24.8,33.9,21.1
108,서울,2013-09,21.8,25.9,18,31.1,10.9
108,서울,2013-10,15.8,21.2,10.9,28.1,4.3
108,서울,2013-11,6.2,10.7,2.1,20.7,-6.4
108,서울,2013-12,-.2,3.5,-3.5,11,-9.8
108,서울,2014-01,-.7,3.5,-4.9,8.2,-10.5
108,서울,2014-02,1.9,6.6,-1.8,16.4,-10.5
108,서울,2014-03,7.9,13.1,3.5,23.8,-4.6
108,서울,2014-04,14,19.6,9.4,26.2,2.3
108,서울,2014-05,18.9,25.3,13.8,33.3,6.8
108,서울,2014-06,23.1,27.8,19.7,31.1,17.3
108,서울,2014-07,26.1,30.6,22.9,34.4,19.1
108,서울,2014-08,25.2,29,22.1,35.8,18.3
108,서울,2014-09,22.1,27,18,31.3,14.9
108,서울,2014-10,15.6,21.4,10.7,29,2.7
108,서울,2014-11,9,13.8,4.9,22.9,-3.1
108,서울,2014-12,-2.9,1.5,-6.7,7.9,-13.2
108,서울,2015-01,-.9,3.6,-4.8,9,-9.8
108,서울,2015-02,1,6,-2.9,13,-13
108,서울,2015-03,6.3,12.4,1,21.9,-6.9
108,서울,2015-04,13.3,18.8,8.4,28.3,3.5
108,서울,2015-05,18.9,24.9,13.6,32.2,8.3
108,서울,2015-06,23.6,29.5,18.9,34.9,15.6
108,서울,2015-07,25.8,30,22.6,36,18.2
108,서울,2015-08,26.3,30.8,22.8,34.4,18.9
108,서울,2015-09,22.4,28.1,17.5,31,14.2
108,서울,2015-10,15.5,21.2,10.8,26.6,1.1
108,서울,2015-11,8.9,12.7,5.9,21,-7.3
108,서울,2015-12,1.6,6,-2.1,12.2,-9.5
108,서울,2016-01,-3.2,1.1,-6.8,9.5,-18
108,서울,2016-02,.2,5.1,-4.1,14.4,-10
108,서울,2016-03,7,12.6,2.4,21.4,-7.5
108,서울,2016-04,14.1,20.3,9.1,29.6,5.1
108,서울,2016-05,19.6,25.7,14.1,31.9,8.9
108,서울,2016-06,23.6,28.7,19.5,32.2,17.1
108,서울,2016-07,26.2,29.8,23.3,34.1,19.8
108,서울,2016-08,28,32.6,24.5,36.6,16.1
108,서울,2016-09,23.1,27.9,19.3,31.1,14.3
108,서울,2016-10,16.1,21.3,11.6,29,.7
108,서울,2016-11,6.8,11.6,2.8,18.6,-6.2
108,서울,2016-12,1.2,5.8,-2.7,13.6,-9.8
108,서울,2017-01,-1.8,2.9,-5.8,11.4,-12.6
108,서울,2017-02,-.2,4.8,-4.7,12.3,-9.3
108,서울,2017-03,6.3,12.3,1.7,18.9,-5.3
108,서울,2017-04,13.9,20,9.1,27.8,3.1
108,서울,2017-05,19.5,25.4,14.4,30.3,10
108,서울,2017-06,23.3,28.8,18.7,34.1,14.5
108,서울,2017-07,26.9,30.4,24.3,35.4,21.9
108,서울,2017-08,25.9,29.7,22.9,35.3,16.1
108,서울,2017-09,22.1,27.4,17.5,31.4,11.2
108,서울,2017-10,16.4,22.5,11.6,29.4,2.5
108,서울,2017-11,5.6,10.5,1.3,18.4,-6.6
108,서울,2017-12,-1.9,2.2,-5.7,8.7,-12.3
108,서울,2018-01,-4,.1,-7.3,8.7,-17.8
108,서울,2018-02,-1.6,3.3,-5.9,10.4,-13.4
108,서울,2018-03,8.1,13.6,3.8,22.1,-6.7
108,서울,2018-04,13,18.5,8.1,26.3,.1
108,서울,2018-05,18.2,23.3,13.4,29.6,6.9
108,서울,2018-06,23.1,28.4,18.9,32.9,16.3
108,서울,2018-07,27.8,32.1,24.2,38.3,17.7
108,서울,2018-08,28.8,33.3,25.2,39.6,20.2
108,서울,2018-09,21.5,26,17.6,30.9,10.8
108,서울,2018-10,13.1,18.6,8.5,25.6,.7
108,서울,2018-11,7.8,13.2,3.6,19.4,-3.1
108,서울,2018-12,-.6,4.1,-4.7,13.5,-14.4
108,서울,2019-01,-.9,4.1,-5.1,8.5,-10.1
108,서울,2019-02,1,6,-3.2,14.5,-10.2
108,서울,2019-03,7.1,12.4,2.7,17.6,-1.7
108,서울,2019-04,12.1,17.6,7.2,28.2,.3
108,서울,2019-05,19.4,25.6,13.7,33.4,8.4
108,서울,2019-06,22.5,27.7,18.1,32.8,14.1
108,서울,2019-07,25.9,30.1,22.7,36.1,19.3
108,서울,2019-08,27.2,31.6,23.6,36.8,18.5
108,서울,2019-09,22.6,27.1,19,30.5,13.6
108,서울,2019-10,16.4,21.8,11.8,28.2,4.7
108,서울,2019-11,7.6,12.9,3.1,22.1,-4.6
108,서울,2019-12,1.4,5.3,-2.6,12.9,-10.9
108,서울,2020-01,1.6,5.9,-1.7,11.9,-6.5
108,서울,2020-02,2.5,7.2,-1.3,15.6,-11.8
108,서울,2020-03,7.7,13.3,2.6,20.6,-2.8
108,서울,2020-04,11.1,16.6,6.3,23.8,1.9
108,서울,2020-05,18,23.3,13.7,30,9.2
108,서울,2020-06,23.9,29,19.9,35.4,14.8
108,서울,2020-07,24.1,28,21.1,32.9,17.2
108,서울,2020-08,26.5,29.3,24.4,34.5,21.5
108,서울,2020-09,21.4,25.6,18,29.5,13.6
108,서울,2020-10,14.3,19.5,9.6,23.6,3.2
108,서울,2020-11,8,12.6,4,20,-3.6
108,서울,2020-12,-.3,3.9,-4.2,11.4,-12.9
108,서울,2021-01,-2.4,2.2,-6.8,13.9,-18.6
108,서울,2021-02,2.7,7.9,-2.2,17.4,-10.6
108,서울,2021-03,9,14.8,4.3,22.9,-1.2
108,서울,2021-04,14.2,19.5,9.5,28.2,3.1
108,서울,2021-05,17.1,21.9,12.8,30.8,7.3
108,서울,2021-06,22.8,27.6,18.9,31.6,13.3
108,서울,2021-07,28.1,32.2,24.6,36.5,19.6
108,서울,2021-08,25.9,29.7,22.8,33.7,18.1
108,서울,2021-09,22.6,26.9,18.8,30.3,16
108,서울,2021-10,15.6,20.5,11.6,28.8,1.3
108,서울,2021-11,8.2,13.1,4,21.3,-3.7
108,서울,2021-12,.6,5.1,-3.5,13.3,-15.5
108,서울,2022-01,-2.2,2.6,-6.2,8.4,-11.3
108,서울,2022-02,-1.1,3.8,-5.3,11.5,-10.7
108,서울,2022-03,7.7,12.7,3.2,19.5,-3
108,서울,2022-04,14.8,20.6,10,28.7,3.5
108,서울,2022-05,19.1,25,13.9,30.7,7.9
108,서울,2022-06,23.3,27.5,19.8,32.7,14.9
108,서울,2022-07,27.3,31,24.2,36.1,20.8
108,서울,2022-08,25.7,28.9,23.1,32.9,16.1
108,서울,2022-09,22.4,27.2,18.2,32.5,12.3
108,서울,2022-10,14.6,19.7,10.3,27.6,4.4
108,서울,2022-11,10,15.4,5.6,22.1,-8.1
108,서울,2022-12,-2.8,1.7,-6.6,10.2,-13.7
108,서울,2023-01,-1.5,3.2,-5.7,12.5,-17.3
108,서울,2023-02,2.3,7.3,-1.9,12.4,-5.3
108,서울,2023-03,9.8,16.2,4.2,25.1,-1.9
108,서울,2023-04,13.8,19,8.8,28.4,3.1
108,서울,2023-05,19.5,25,14.6,31.2,7.9
108,서울,2023-06,23.4,27.9,19.7,34,16.6
108,서울,2023-07,26.7,30.2,23.9,34.9,21.6
108,서울,2023-08,27.2,30.8,24.3,35.8,20.8
108,서울,2023-09,23.7,27.6,20.2,32.8,15.2
108,서울,2023-10,15.8,21,11.5,24.6,5.4
108,서울,2023-11,6.8,11.5,2.9,25.9,-7.3
108,서울,2023-12,1.1,5.2,-2.5,16.8,-14.7
108,서울,2024-01,-.5,3.6,-3.9,10.6,-14
108,서울,2024-02,3.8,8.2,.2,18.3,-3.1
108,서울,2024-03,7,12,2.4,23.4,-8.1
108,서울,2024-04,16.3,22.4,11.5,29.4,5.5
108,서울,2024-05,18.5,23.7,13.8,28.5,6.9
108,서울,2024-06,24.6,30.1,19.9,35.8,15.7
108,서울,2024-07,26.6,29.6,24.1,33.3,21.3
108,서울,2024-08,29.3,33.3,26.3,36.4,22.6
108,서울,2024-09,25.5,29.8,22,34.6,15.6
108,서울,2024-10,16.7,21.4,12.7,25.7,7.1
108,서울,2024-11,9.7,14.9,5.5,25.1,-3.4
108,서울,2024-12,1,5.5,-2.7,13,-7.7
